{"cameraMode":{"drawMode":0,"name":"Shaded","section":"Shading Mode"},"sceneLighting":true,"audioPlay":false,"sceneViewState":{"m_AlwaysRefresh":false,"showFog":true,"showSkybox":true,"showFlares":true,"showImageEffects":true,"showParticleSystems":true,"showVisualEffectGraphs":true,"m_FxEnabled":true},"in2DMode":false,"pivot":{"x":25.468442916870118,"y":-6.474475860595703,"z":-0.1155114471912384},"rotation":{"x":0.16558220982551576,"y":0.6851085424423218,"z":-0.16439317166805268,"w":0.6900612711906433},"size":23.985557556152345,"orthographic":false}