{"cameraMode":{"drawMode":0,"name":"Shaded","section":"Shading Mode"},"sceneLighting":true,"audioPlay":false,"sceneViewState":{"m_AlwaysRefresh":false,"showFog":true,"showSkybox":true,"showFlares":true,"showImageEffects":true,"showParticleSystems":true,"showVisualEffectGraphs":true,"m_FxEnabled":true},"in2DMode":false,"pivot":{"x":0.37219488620758059,"y":-4.008298873901367,"z":-48.56982421875},"rotation":{"x":-0.00039304347592405975,"y":-0.9949478507041931,"z":0.10033035278320313,"w":-0.0038870060816407205},"size":33.747318267822269,"orthographic":false}